<pkg:metadata xmlns:pkg="http://marklogic.com/manage/package"><pkg:package-version>2.0</pkg:package-version><user xmlns="http://marklogic.com/manage/package">admin</user><group xmlns="http://marklogic.com/manage/package">Default</group><host xmlns="http://marklogic.com/manage/package">macpro-2600.hsd1.ca.comcast.net</host><timestamp xmlns="http://marklogic.com/manage/package">2014-11-18T22:32:40.272355-08:00</timestamp><platform xmlns="http://marklogic.com/manage/package">macosx</platform></pkg:metadata>